URL,Tag,DatePassage,Owner
https://www.instagram.com/p/CgdYMEiBiaD/,manga,26/07/2022,yomicons
https://www.instagram.com/p/CgeXCFfvNvh/,manga,26/07/2022,yuupa_gunpla
https://www.instagram.com/p/CgdNspEhk4a/,manga,26/07/2022,ringokun_u
https://www.instagram.com/p/CgeZd-6M4ai/,manga,26/07/2022,shinigami__lll
https://www.instagram.com/p/CgdWOiWODgj/,manga,26/07/2022,sasaki_to_miyanoo2
https://www.instagram.com/p/Cgcc-1rpd9I/,manga,26/07/2022,aboart00
https://www.instagram.com/p/CgeacFtIcSn/,manga,26/07/2022,animemes_page
https://www.instagram.com/p/CgdRzMZsBXj/,manga,26/07/2022,reallyveverka
https://www.instagram.com/p/Cgct0HDNAX2/,manga,26/07/2022,yaoilove27
https://www.instagram.com/p/CgdBQDLMz2W/,manga,26/07/2022,vinland.cl
https://www.instagram.com/p/CgdnkjbKlyX/,manga,26/07/2022,db.akira_toriyama
https://www.instagram.com/p/CgdA1BdPt8x/,manga,26/07/2022,animemovies.official
https://www.instagram.com/p/Cgc7rxnrYu0/,manga,26/07/2022,spyxfamily_br
https://www.instagram.com/p/Cgd-JLlLoQ1/,manga,26/07/2022,fatmvh_ahmed_011
https://www.instagram.com/p/CgeHOT5lllz/,manga,26/07/2022,inuneko_seikatsu
https://www.instagram.com/p/CghQisoMt4L/,manga,27/07/2022,animeme.page
https://www.instagram.com/p/CghA5CFNJJS/,manga,27/07/2022,utereyag
https://www.instagram.com/p/CghVtY3rE_g/,manga,27/07/2022,yohanwrks
https://www.instagram.com/p/CghWqPzordg/,manga,27/07/2022,berserk_grindset
https://www.instagram.com/p/CghDPYnpsZO/,manga,27/07/2022,animezzo
https://www.instagram.com/p/CghWTU_IeqW/,manga,27/07/2022,wizardking_lucius
https://www.instagram.com/p/Cgf_xskr4h1/,manga,27/07/2022,jojournalfiles
https://www.instagram.com/p/CghJ2myOmFL/,manga,27/07/2022,rindou_1
https://www.instagram.com/p/Cgh0EOVtJ2D/,manga,28/07/2022,killuvvss
https://www.instagram.com/p/CgiB0HwNKUs/,manga,28/07/2022,birthdayofanime
https://www.instagram.com/p/CgjjEm_sbmH/,manga,28/07/2022,josehamasaki
https://www.instagram.com/p/CgjQjUePSiZ/,manga,28/07/2022,chommang
https://www.instagram.com/p/CgjR5REOPPL/,manga,28/07/2022,sigmaleonis
https://www.instagram.com/p/CgjisIeNaol/,manga,28/07/2022,legendarydragonballz
https://www.instagram.com/p/Cgi8bccu2jf/,manga,28/07/2022,sigmaleonis
https://www.instagram.com/p/CgiPcbCJiJW/,manga,28/07/2022,rainvathsketch
https://www.instagram.com/p/CgjkRXrIy7W/,manga,28/07/2022,lyraeshai
https://www.instagram.com/p/Cghf6sLIdtH/,animaux,28/07/2022,remyfromthealps
https://www.instagram.com/p/CgjiKykh4_c/,animaux,28/07/2022,instinct.iva
https://www.instagram.com/p/CggRQykKyFJ/,animaux,28/07/2022,malaawildforest
https://www.instagram.com/p/CgW3vXJDmtY/,animaux,28/07/2022,installigence
https://www.instagram.com/p/CgjWJPRM9Ya/,animaux,28/07/2022,bdsbritishdeer
https://www.instagram.com/p/CghyVE3NGai/,animaux,28/07/2022,moakie_sea_
https://www.instagram.com/p/CgjHGjyK7Qo/,animaux,28/07/2022,malaawildforest
https://www.instagram.com/p/CgNOHl_sgBu/,animaux,28/07/2022,ninobullterrier
https://www.instagram.com/p/CgcqKHYsLOZ/,animaux,28/07/2022,ninobullterrier
https://www.instagram.com/p/CghYwL8ruCa/,harrypotter,28/07/2022,luxnas.aep
https://www.instagram.com/p/Cgj9fMIIY_c/,manga,28/07/2022,echoes.haru
https://www.instagram.com/p/CgjwOXOKolC/,manga,28/07/2022,dazai.vc
https://www.instagram.com/p/CgjvsOQI7sl/,manga,28/07/2022,spaces_icons
https://www.instagram.com/p/CgjbljILV3V/,manga,28/07/2022,nishiponi
https://www.instagram.com/p/CgjmZRvpt95/,manga,28/07/2022,komieveryday
https://www.instagram.com/p/Cgj8wcJOkhz/,manga,28/07/2022,kazuluvvs
https://www.instagram.com/p/Cgj9nSdLszQ/,manga,28/07/2022,luvnlies
https://www.instagram.com/p/CgjDyxeqPKt/,animaux,28/07/2022,sand_photography
https://www.instagram.com/p/CghIxWrK9p9/,animaux,28/07/2022,british_fluffs
https://www.instagram.com/p/CgiKOEvtY3g/,animaux,28/07/2022,s_jousset
https://www.instagram.com/p/CghAte7KCk8/,animaux,28/07/2022,ecotalkfrance
https://www.instagram.com/p/CgZXGfiOtML/,pandas,28/07/2022,pandadiaries22
https://www.instagram.com/p/CgSy30LhK8k/,pandas,28/07/2022,pandasfun
https://www.instagram.com/p/CgZXMYxMtnR/,pandas,28/07/2022,pandadiaries22
https://www.instagram.com/p/CgeiIy5hn69/,pandas,28/07/2022,pandasfun
https://www.instagram.com/p/CgZc-7Qhg6E/,pandas,28/07/2022,pandasfun
https://www.instagram.com/p/CgXQqg4PJ4r/,pandas,28/07/2022,bearthrough
https://www.instagram.com/p/CgjjYRVF2AS/,pandas,28/07/2022,pandassocietys
https://www.instagram.com/p/Cge2CiPOI-Z/,pandas,28/07/2022,dc_pandagirl
https://www.instagram.com/p/CgjJ630veSA/,pandas,28/07/2022,pandassocietys
https://www.instagram.com/p/CgkSTpaj5WN/,manga,29/07/2022,nakito.pdp
https://www.instagram.com/p/CglKisdF7cx/,manga,29/07/2022,dessert_kc
https://www.instagram.com/p/CgjzQhrrhE7/,manga,29/07/2022,juvartsy
https://www.instagram.com/p/CgkTDT-PXBt/,manga,29/07/2022,renjokeramamiya
https://www.instagram.com/p/CgkbZEnNMKx/,manga,29/07/2022,dg_loves_alex
https://www.instagram.com/p/Cgk1fuMrvN4/,manga,29/07/2022,tohru.daily
https://www.instagram.com/p/CgkiwCWMqqZ/,manga,29/07/2022,evangelionmk
https://www.instagram.com/p/CgkjTCrP_ve/,manga,29/07/2022,oyasumipunpun.manga
https://www.instagram.com/p/CgldxDYjz40/,animaux,29/07/2022,marqueterie_brunopaviet
https://www.instagram.com/p/Cglc2YdKrZ9/,animaux,29/07/2022,lessecretsdecosima
https://www.instagram.com/p/Cghxjxwsd4v/,animaux,29/07/2022,christobelli
https://www.instagram.com/p/CgkidLIoOVl/,animaux,29/07/2022,didiscrapcreations
https://www.instagram.com/p/CgkEmJQNmgv/,animaux,29/07/2022,resilienceanimale
https://www.instagram.com/p/CgZQIf1Pc_c/,pandas,29/07/2022,re_ko4318
https://www.instagram.com/p/CgkVo85u7LS/,pandas,29/07/2022,skoggydeluxe
https://www.instagram.com/p/CgSj1dYheGx/,pandas,29/07/2022,redpandalovers22
https://www.instagram.com/p/CgjCjQzBIUQ/,pandas,29/07/2022,panda_lov3s
https://www.instagram.com/p/Cghuep7pAGo/,pandas,29/07/2022,panda_lover_page
https://www.instagram.com/p/Cgj6vSDKzD-/,paris,29/07/2022,seyahatimgeldi
https://www.instagram.com/p/CgkFb16PIa9/,paris,29/07/2022,frenchventure
https://www.instagram.com/p/Cgja8s3sp4u/,paris,29/07/2022,redheartinrose
https://www.instagram.com/p/Cgj-_LVq7PG/,paris,29/07/2022,iam.themeow
https://www.instagram.com/p/CglhUE3Mhjh/,paris,29/07/2022,only.teenns
https://www.instagram.com/p/CgjEXFoNw5V/,paris,29/07/2022,frnck_abr
https://www.instagram.com/p/CgjvT5cLF73/,paris,29/07/2022,booksinreview
https://www.instagram.com/p/CgkBWTJty_m/,paris,29/07/2022,kiss_aliya
https://www.instagram.com/p/CgjyjbxNtLn/,paris,29/07/2022,yanivbaruch
https://www.instagram.com/p/CgkTff9ss5u/,france,29/07/2022,lilyrose_deppx
https://www.instagram.com/p/Cgjt1CBsWM-/,france,29/07/2022,guest_churches
https://www.instagram.com/p/CglVDgxNVqW/,france,29/07/2022,alaingueranger
https://www.instagram.com/p/CglZrdxtba5/,france,29/07/2022,ancient_iran_and_world
https://www.instagram.com/p/CgkW5LfgN4C/,france,29/07/2022,fcfutureballers
https://www.instagram.com/p/Cgj8ifbr5mO/,france,29/07/2022,lorenzo_goes_bananas
https://www.instagram.com/p/CgjrpMjI3z2/,france,29/07/2022,foreverpeugeot
https://www.instagram.com/p/Cgj2ns4FHVC/,france,29/07/2022,urdreamtravl
https://www.instagram.com/p/CglimTdKR6G/,france,29/07/2022,lesplaisirs_de_carla
https://www.instagram.com/p/CglcZW1q2Zc/,love,29/07/2022,thecatsfirst
https://www.instagram.com/p/CglhKOlsGJH/,love,29/07/2022,lena_hberg
https://www.instagram.com/p/CgldmpBDHvD/,love,29/07/2022,chiesa_hagen
https://www.instagram.com/p/CgldEOThmXr/,love,29/07/2022,bearpandaoffiicial
https://www.instagram.com/p/CglS65_oH7j/,love,29/07/2022,rorofamily_forever
https://www.instagram.com/p/CgllT0ehCwL/,love,29/07/2022,dillissom
https://www.instagram.com/p/CglXZgUIXWJ/,love,29/07/2022,iskcon_vrindavana
https://www.instagram.com/p/Cglc4ser1P0/,love,29/07/2022,all.sagittarius.facts
https://www.instagram.com/p/CglexbWLeJP/,love,29/07/2022,sunmori_mojokerto
https://www.instagram.com/p/CgkARY3uXM2/,manga,29/07/2022,etj
https://www.instagram.com/p/CgkXHZCtzYl/,manga,29/07/2022,almtattoo
https://www.instagram.com/p/CglvIDyPuct/,manga,29/07/2022,snoopy_manga
https://www.instagram.com/p/Cgk917XOKHR/,manga,29/07/2022,dekulero
https://www.instagram.com/p/Cgk9XWdM-Mw/,manga,29/07/2022,rem_re.zero
https://www.instagram.com/p/CgkZ8VQOI31/,manga,29/07/2022,deviifruits
https://www.instagram.com/p/Cgkl19-vJdZ/,manga,29/07/2022,mih0h0_
https://www.instagram.com/p/CgfFvtUNHLw/,animaux,29/07/2022,lesimprudencesdeprune
https://www.instagram.com/p/CgjKIWUK3Pu/,animaux,29/07/2022,lulu_animaux_
https://www.instagram.com/p/CgAdEd1h6uQ/,pandas,29/07/2022,redpandapet_
https://www.instagram.com/p/Cgj2zsjIinB/,paris,29/07/2022,conexaobonjour
https://www.instagram.com/p/CgkJ09uOxWU/,paris,29/07/2022,barbara_flowers_art
https://www.instagram.com/p/Cgj1Ev_u2Se/,paris,29/07/2022,thatparisvibe
https://www.instagram.com/p/CgjmNG_udKU/,paris,29/07/2022,mrghmhjxmu
https://www.instagram.com/p/CglS-ifur-m/,france,29/07/2022,dustyatticrarebooks
https://www.instagram.com/p/CglVPuAt03K/,france,29/07/2022,s.c_alps
https://www.instagram.com/p/CgltoD-sWRd/,france,29/07/2022,laeti_j_83
https://www.instagram.com/p/CgklF9xBSxc/,france,29/07/2022,sugar_paris
https://www.instagram.com/p/CgkcduwPynI/,france,29/07/2022,rainhastragicas_ofc
https://www.instagram.com/p/CgkJL5aOkMl/,france,29/07/2022,definechique
https://www.instagram.com/p/CglqJgqKjK7/,love,29/07/2022,asiaa42
https://www.instagram.com/p/CglpkdcI_gG/,love,29/07/2022,afsanh.3465
https://www.instagram.com/p/Cglof8qjB5i/,love,29/07/2022,cute_couple_.arts
https://www.instagram.com/p/CglmpKzq_pj/,love,29/07/2022,tiziana_crocini
https://www.instagram.com/p/Cglo70kPOuo/,love,29/07/2022,actorbrigida_official
https://www.instagram.com/p/CgltueADxNY/,love,29/07/2022,je.taime.bcp
https://www.instagram.com/p/CgluuGKujr_/,love,29/07/2022,angeladazzly
https://www.instagram.com/p/Cglus2cgH-W/,love,29/07/2022,am00mix
https://www.instagram.com/p/CglugUpvDi7/,love,29/07/2022,hamabe__minami_373
https://www.instagram.com/p/CgljtRnBaK6/,photography,29/07/2022,raymond.a7c
https://www.instagram.com/p/CglqG4bDBnM/,photography,29/07/2022,johannnas_
https://www.instagram.com/p/CglURn_DDqQ/,photography,29/07/2022,volim_kotor
https://www.instagram.com/p/CglgnKyMBwV/,photography,29/07/2022,fanem.zycia.byc
https://www.instagram.com/p/CglmCPFjbbi/,photography,29/07/2022,foodartclick_
https://www.instagram.com/p/Cglo70kPOuo/,photography,29/07/2022,actorbrigida_official
https://www.instagram.com/p/CglbPB2rcoX/,photography,29/07/2022,sunsun.is.sun
https://www.instagram.com/p/CglksQot-BW/,photography,29/07/2022,ghabe_tasvir
